{
  "categories": [
    {
      "id": 0,
      "name": "Baba Ghanoush"
    },
    {
      "id": 1,
      "name": "Baklawa"
    },
    {
      "id": 2,
      "name": "Bamia"
    },
    {
      "id": 3,
      "name": "Falafel"
    },
    {
      "id": 4,
      "name": "Fasoulya"
    },
    {
      "id": 5,
      "name": "Fattoush"
    },
    {
      "id": 6,
      "name": "Galayt bandora"
    },
    {
      "id": 7,
      "name": "Halawa"
    },
    {
      "id": 8,
      "name": "Hummus"
    },
    {
      "id": 9,
      "name": "Kebab Halabi"
    },
    {
      "id": 10,
      "name": "Kibbeh"
    },
    {
      "id": 11,
      "name": "Knafeh"
    },
    {
      "id": 12,
      "name": "Kofta"
    },
    {
      "id": 13,
      "name": "Ma'moul"
    },
    {
      "id": 14,
      "name": "Malfuf"
    },
    {
      "id": 15,
      "name": "Manakish"
    },
    {
      "id": 16,
      "name": "Mandi"
    },
    {
      "id": 17,
      "name": "Mansaf"
    },
    {
      "id": 18,
      "name": "Maqluba"
    },
    {
      "id": 19,
      "name": "Muhallebi"
    },
    {
      "id": 20,
      "name": "Mulukhiyyah"
    },
    {
      "id": 21,
      "name": "Musakhan"
    },
    {
      "id": 22,
      "name": "Qatayef"
    },
    {
      "id": 23,
      "name": "Sambusak"
    },
    {
      "id": 24,
      "name": "Shawarma"
    },
    {
      "id": 25,
      "name": "Sumaghiyyeh"
    },
    {
      "id": 26,
      "name": "Taboon"
    },
    {
      "id": 27,
      "name": "Waraq al-'anib"
    },
    {
      "id": 28,
      "name": "Zayt w Zatar"
    },
    {
      "id": 29,
      "name": "tabbouleh"
    }
  ],
  "info": {
    "year": 2024,
    "version": "1.0",
    "contributor": "Label Studio"
  }
}